{"cameraMode":{"drawMode":0,"name":"Shaded","section":"Shading Mode"},"sceneLighting":true,"audioPlay":false,"sceneViewState":{"showFog":true,"showMaterialUpdate":false,"showSkybox":false,"showFlares":true,"showImageEffects":true,"showParticleSystems":true},"in2DMode":false,"pivot":{"x":-4.836368560791016,"y":-11.364351272583008,"z":56.983543395996097},"rotation":{"x":0.04655047133564949,"y":0.9087052941322327,"z":-0.10542386025190354,"w":0.40122804045677187},"size":12.12435531616211,"orthographic":false}