{"cameraMode":{"drawMode":0,"name":"Shaded","section":"Shading Mode"},"sceneLighting":true,"audioPlay":false,"sceneViewState":{"showFog":true,"showMaterialUpdate":false,"showSkybox":true,"showFlares":true,"showImageEffects":true,"showParticleSystems":true},"in2DMode":false,"pivot":{"x":-35.048309326171878,"y":-13.275529861450196,"z":33.19765090942383},"rotation":{"x":0.42905834317207339,"y":0.070336252450943,"z":-0.03353404998779297,"w":0.8999118804931641},"size":18.110755920410158,"orthographic":false}