{"cameraMode":{"drawMode":0,"name":"Shaded","section":"Shading Mode"},"sceneLighting":false,"audioPlay":false,"sceneViewState":{"showFog":true,"showMaterialUpdate":false,"showSkybox":false,"showFlares":true,"showImageEffects":true,"showParticleSystems":true},"in2DMode":false,"pivot":{"x":-0.8999987840652466,"y":19.104297637939454,"z":-2.249999523162842},"rotation":{"x":0.14497801661491395,"y":0.6660493016242981,"z":-0.1342514008283615,"w":0.7192685008049011},"size":3.5705130100250246,"orthographic":true}